{
  "managedApiConnections": {
    "arm": {
      "api": {
        "id": "/subscriptions/@appsetting('subscription')/providers/Microsoft.Web/locations/eastus/managedApis/arm"
      },
      "connection": {
        "id": "/subscriptions/@appsetting('subscription')/resourceGroups/@appsetting('resource_group')/providers/Microsoft.Web/connections/arm"
      },
      "authentication": {
        "type": "ManagedServiceIdentity"
      },
      "connectionRuntimeUrl":  "@appsetting('arm_connection_runtime_url')"
    },
    "slack": {
      "api": {
        "id": "/subscriptions/@appsetting('subscription')/providers/Microsoft.Web/locations/eastus/managedApis/slack"
      },
      "connection": {
        "id": "/subscriptions/@appsetting('subscription')/resourceGroups/@appsetting('resource_group')/providers/Microsoft.Web/connections/slack"
      },
      "authentication": {
        "type": "ManagedServiceIdentity"
      },
      "connectionRuntimeUrl":  "@appsetting('slack_connection_runtime_url')"

    }
  }
}